surface	jev_location	franken_repo	how_we_use_it	packet_TRL	packet_NODUS	packet_CI_class	packet_release_class	claim_we_rely_on	packet_status_of_that_claim	rider	action	reason
doctrine-reward-hacking	AGENTS.md:642	frankensearch	10 forbidden patterns adapted from RULE 0.5	5-6	Explore	C5	R3	RULE 0.5 exists as doctrine source	not-assessed: zero hits for reward-hack/RULE 0.5 in frankensearch-assessment.md	yes	monitor	doctrine earns keep on use; origin unverified, recheck on packet revision
design-precedent	AGENTS.md:1576	asupersync	e-process and oracle-kit design precedent	6	Pilot	C3	R3	eprocess.rs exists with anytime-validity	demonstrated-existence; replay not executed (asupersync-assessment.md:81)	yes	keep	origin exists; jev reimplements, never links
design-precedent	AGENTS.md:1576	franken_ocr	ladder and conformance precedent	6	Pilot	C5	R3	L0-L5 ladder and conformal ratchet exist	verified-machinery-exists; gate outcomes maintainer-claim (franken_ocr-assessment.md:136)	yes	keep	machinery verified present
design-precedent	AGENTS.md:1576	franken_engine	promotion-shape precedent	4-5	Explore	C2	R2	promotion controller with rollback receipts exists	code-verified-existence (franken_engine-assessment.md:119); core CI red at pin and quality/perf zero runs (ibid:21)	yes	re-tier	cite as shape-only, never as proven; stage 85 header already does
design-precedent	AGENTS.md:1576	frankensearch	perf-ratchet precedent	5-6	Explore	C5	R3	quill-gauntlet perf ratchet exists	counted (frankensearch-assessment.md:121)	yes	keep	existence counted at pin
promotion-gate	foundation/gates.d/85-promotion-contract.sh:17-40;GATES.md:96	franken_engine	four-gate vocabulary plus live-receipt-path presence check	4-5	Explore	C2	R2	same as design-precedent engine row	partially: shape exists, engine's own gates red/unrun; jev header disclaims proof and MEASURED BOUNDARY shows a JUNK row promotes GREEN	yes	keep	header states presence-not-proof; substantive bar enforced by people per docs/demos/PLAN.md
promotion-comment	scripts/promotion-four-gates.py:4	franken_engine	AND-of-four-gates comment	4-5	Explore	C2	R2	same	same	yes	keep	comment only; no enforcement claimed
demotion-D1	foundation/kit/demotion-rules.md:22	frankenfs	D1 origin cite	4	Explore	C2	R3	readiness-action-autopilot.md section 4 exists	not-assessed: zero hits in frankenfs-assessment.md	yes	monitor	rule is procedural; origin unverified
demotion-D2	foundation/kit/demotion-rules.md:30	frankenfs	D2 origin cite	4	Explore	C2	R3	tracker-hygiene.md exists	not-assessed	yes	monitor	same
demotion-D3	foundation/kit/demotion-rules.md:37	frankenfs	D3 origin cite	4	Explore	C2	R3	MODULARITY_RUNBOOK gate-change passage exists	not-assessed	yes	monitor	same
demotion-D3	foundation/kit/demotion-rules.md:37	frankenredis	D3 second origin	4-5	Explore	C2	R2	GATE_VALIDITY.md exists	not-assessed: zero hits in frankenredis-assessment.md (packet praises NEGATIVE_EVIDENCE ledger instead)	yes	monitor	same
demotion-D4	foundation/kit/demotion-rules.md:44	frankensim	D4 origin cite	4	Explore	C6	R1	MATURITY_LEVELS.md demotion passage exists	not-assessed: zero hits in frankensim-assessment.md (packet verifies capability-maturity.json instead)	yes	monitor	same
demotion-D5	foundation/kit/demotion-rules.md:51	frankensympy	D5 origin cite	3-4	Explore	C2	R1	claims.toml retains retired ids	partially: registry exists, 27 claims 0 validated (frankensympy-assessment.md:84); retired-id retention not assessed	yes	monitor	first retirement tests D5
demotion-D6	foundation/kit/demotion-rules.md:59	frankentui	D6 origin cite	6	Explore	C5	R2	claims-ledger.md enforces 90-day expiry	partially: ledger verified present, 152 rows plus validator (frankentui-assessment.md:15,33); 90-day rule not assessed	yes	monitor	expiry behavior unverified at origin
demotion-D7	foundation/kit/demotion-rules.md:66	frankengit	D7 origin cite	4	Explore	C3	R1	claims.tsv plus VERIFY_SPEC.md exist	partially: registry and spec verified present (frankengit-assessment.md:18,24); auto-demotion behavior not executed	yes	keep	proof-exists slice executes here in 17-kit-demotion.sh
kit-guard-shape	.omp/extensions/kit-guard/policy.ts:4	synthesis Gate 18 (not a repo)	B5/B7/A9 hard blocks from execution-readiness Gate 18	n/a	n/a	n/a	n/a	Gate 18 binds 29/44 mostly by agent obedience	demonstrated (execution-readiness.md:117,171)	n/a	keep	guard ports the finding to enforcement; the failure it ports is documented
mcp-tool	.omp/mcp.json:6	franken-harvest (outside the 44)	morph-mcp.sh indexes the mirror for code search	none	none	none	none	tool runs	no packet (outside corpus)	none	pin	wire only; no origin claim made
cli-tool	fh via AGENTS.md research surfaces	franken-harvest (outside the 44)	doctrine and provenance search over the mirror	none	none	none	none	index answers	no packet (outside corpus)	none	keep	measured doctrine, not origin claims
eprocess-impl	compaction/hindsight.ts:152,247;work/oracle-kit/index.mjs:87	asupersync	e-process reimplemented in TS	6	Pilot	C3	R3	same as design-precedent asupersync row	same	yes	keep	reimplementation with own tests; not a link
oracle-shapes	docs/demos/ORACLE-PROGRAM.md:50,57	franken_engine	promotion and differential-oracle shapes listed	4-5	Explore	C2	R2	runners exist	code-verified existence (packet strongest-evidence:28-claim matrix)	yes	monitor	program doc lists missing pieces honestly
oracle-shapes	docs/demos/ORACLE-PROGRAM.md:52-54	franken_ocr	ratchet cites	6	Pilot	C5	R3	L0-L5 ladder and conformal ratchet exist	verified-machinery-exists (franken_ocr-assessment.md:136)	yes	keep	existence verified at origin
oracle-shapes	docs/demos/ORACLE-PROGRAM.md:52-54	frankensearch	ratchet cites	5-6	Explore	C5	R3	quill-gauntlet perf ratchet exists	counted (frankensearch-assessment.md:121)	yes	keep	existence counted at pin
oracle-shapes	docs/demos/ORACLE-PROGRAM.md:59	franken_tts	metamorphic invariants cite	7	Explore	C6	R3	metamorphic_invariants.rs:315-505 exists	not-assessed: zero hits in franken_tts-assessment.md	yes	monitor	cited lines never verified by packet
oracle-shapes	docs/demos/ORACLE-PROGRAM.md:61	frankenlibc	memcpy conformance cite	4	Explore	C2	R1	memcpy_strict_conformance_test.rs exists	not-assessed: zero hits in frankenlibc-assessment.md	yes	monitor	same
eval-prior-art	EVAL.md:526-537	asupersync	math cited, promoted=0	6	Pilot	C3	R3	unused math, no promotion	n/a (withheld, not relied upon)	n/a	keep	non-promotion is the honest outcome
eval-prior-art	EVAL.md:526-537	franken_engine	math cited, promoted=0	4-5	Explore	C2	R2	unused math, no promotion	n/a (withheld, not relied upon)	n/a	keep	same
eval-prior-art	EVAL.md:526-537	skillranker (outside the 44)	math cited, promoted=0	none	none	none	none	unused math, no promotion	no packet (outside corpus)	none	keep	same
eval-verify	EVAL.md:750;NEGATIVE_EVIDENCE.md:2688	frankengit	verify.sh:55-60 cited	4	Explore	C3	R1	verify spec exists	verified present (frankengit-assessment.md:18)	yes	keep	existence verified
eval-convention	EVAL.md:941,943	frankengraphdb	constitution and registries cited	4	Explore	C5	R1	AGENTS.md doctrine and constitution.toml exist	verified present (frankengraphdb-assessment.md:39)	yes	keep	doctrine verified present at origin
eval-convention	EVAL.md:963,970	frankenpandas	TESTING_CONVENTION and history-blind cited	4-5	Explore	C2	R2	convention doc exists	not-assessed: zero hits in frankenpandas-assessment.md	yes	monitor	convention inspiration, origin unverified
hook-convention	githooks/commit-msg-verification-level.sh:4-6	franken_lean	subject-tag vocabulary precedent	4	Explore	C2	R1	level tags exist	partially: lean AGENTS.md read by analyst; level-tag vocabulary not assessed	yes	keep	local convention; no origin proof claimed
hook-convention	githooks/commit-msg-verification-level.sh:4-6	frankensqlite	subject-tag vocabulary precedent	6	Explore	C5	R3	lexer-level tags exist	not-assessed: sqlite packet covers parser/lexer fuzz, not tag vocabulary	yes	keep	same
starterkit-ports	foundation/kit/check-claim-discipline.sh:2;foundation/kit/check-readiness.sh:2;foundation/gates.d/15-kit-claim.sh:3	assessment-pack itself (not a repo)	ports with documented /bin/sh fixes	n/a	n/a	n/a	n/a	ports see enforce=yes where zip is blind	demonstrated (notes/v8-checker-challenge.md, both selftests green)	n/a	keep	measured, not cited
essays-prior-art	docs/demos/upstream-repro/franken-crate-alpha-20260919.md (68 hits);docs/essays/*;docs/demos/dispatch/*	frankenterm;frankenmermaid;frankensqlite;franken_ocr;frankensearch	essays cite repos as prior art and mining venues	mixed	mixed	mixed	mixed	cited as read, never as executed	n/a (reading, not relying)	mixed	keep	prior-art citation is not a dependency; no execution claim made
skill-shape	AGENTS.md mines skillranker@3fe85c4	skillranker (outside the 44)	AGENTS.md canonical shape adopted	none	none	none	none	shape works	no packet (outside corpus)	none	keep	adopted mechanism with own evidence; Rule 12
PLANTED-NEGATIVE	method check	franken_remote	jev does not use it	3-4	Explore	C3	R1	n/a	n/a: zero hits in full tree (git ls-files | xargs rg -i franken_remote; 0 files)	yes	none	method returns zero as required
FEASIBILITY	AGENTS.md:642 plus 80 more lines	frankensearch	method must return hits	5-6	Explore	C5	R3	index answers	counted	yes	n/a	81 cite lines; arm passes
DATA-CORPORA	work/*/corpus*.jsonl (757+757 lines);docs/demos/duel-2/runs/*.json;notes/rerank-*-pairs.jsonl;work/toolcall-judge-v3/*.json;work/jev-real-corpus-eval/*;5 work/nev-*/*.jsonl excluded per packet	various (repo paths inside data strings)	rows mention repo paths as data, not as tools	n/a	n/a	n/a	n/a	none made	excluded: data, not dependency	mixed	none	stated exclusion with file list
BOOKKEEPING	.beads/issues.jsonl (8 hits);notes/deep/dispatch/p*-wave1.md;docs/PLAN-DEEP-KIT-20260922.md (21 hits)	various	bead and packet text names repos	n/a	n/a	n/a	n/a	none made	excluded: lane bookkeeping	mixed	none	stated exclusion
tool-invocation	~/.omp/profiles/grok+muse/agent/sessions/-Developer-jev/;~/.omp/agent/sessions/-Developer-jev/	franken-harvest (outside the 44)	39 of 7874 bash calls invoke fh (grok 2/967; muse 35/5872; default 2/1035; segment-start count)	none	none	none	none	index answers over the mirror	no packet (outside corpus)	none	keep	heaviest franken-derived tool use in-session; no origin claim beyond the index
tool-invocation	same three corpora	beads_rust (outside the 44)	691 of 7874 invoke br (48; 496; 147)	none	none	none	none	tracker ops	no packet	none	keep	workflow backbone; origin unassessed by pack
tool-invocation	same three corpora	bv repo (outside the 44)	14 of 7874 invoke bv (0; 7; 7)	none	none	none	none	triage queries	no packet	none	keep	companion to br
tool-invocation	same three corpora	riprewire (outside the 44)	8 of 7874 invoke ripwire (2; 2; 4)	none	none	none	none	code-context queries	no packet	none	keep	cold-map and reuse checks
tool-invocation	same three corpora	cass (outside the 44)	34 of 7874 invoke cass (0; 1; 33)	none	none	none	none	session search	no packet	none	keep	prior-session mining
tool-invocation	same three corpora	frankenterm	0 functional of 7874; presence-probed only (which-loop, no invocation)	7	Explore	C6	R3	none invoked	n/a: installed at ~/.local/bin/ft (cargo install string names Dicklesworthstone/frankenterm)	yes	none	installed but never called in-session
tool-invocation	same three corpora	franken_tts	0 of 7874	7	Explore	C6	R3	none invoked	n/a: installed at ~/.local/bin/ftts (strings name Dicklesworthstone/franken_tts)	yes	none	same
tool-invocation	same three corpora	franken_markdown	0 of 7874	7	Explore	C5	R3	none invoked	n/a: installed at ~/.local/bin/fmd (strings name franken_markdown)	yes	none	same
tool-invocation	same three corpora	frankensqlite	0 of 7874; 14 anyword hits all log-filter strings (grep -v fsqlite)	6	Explore	C5	R3	none invoked	n/a: installed at ~/.cargo/bin/fsqlite	yes	none	filters prove br runs on fsqlite, not that panes call it
tool-invocation	same three corpora	unidentified (no packet)	0 of 7874	none	none	none	none	none invoked	source repo unidentified from binary evidence (installed at ~/.local/bin/fsw)	unknown	none	cannot tier what cannot be sourced
tool-invocation	same three corpora	n/a (no morph binary on PATH)	0; hits are prose inside ntm message strings and a ttsr test string	n/a	n/a	n/a	n/a	none	n/a	n/a	none	mention is not invocation
