bead	bar_path	bar_sha	rows_path
choice-banking77-20260924	docs/demos/upstream-repro/choice-banking77-20260924.md	a0ed3c1	work/choice-banking77/rows-jev.jsonl
jev-384m	docs/demos/upstream-repro/choice-banking77-full-variance-20260924.md	eed9fc3	work/choice-banking77/rows-full-jev-run2.jsonl
jev-pm3	docs/demos/upstream-repro/choice-clinc150-full-20260924.md	defed49	work/choice-clinc150/rows-full-jev.jsonl
claim-check-numeric-20260924	docs/demos/upstream-repro/claim-check-numeric-20260924.md	8210e02	work/jev-claim-check/numeric-choice-rows.jsonl
claim-check-numeric-20260924	docs/demos/upstream-repro/claim-check-numeric-20260924.md	8210e02	work/jev-claim-check/numeric-rows.jsonl
claim-check-numeric-20260924	docs/demos/upstream-repro/claim-check-numeric-20260924.md	8210e02	work/jev-claim-check/numeric-v2-rows.jsonl
claim-check-numeric-choice-20260924	docs/demos/upstream-repro/claim-check-numeric-choice-20260924.md	993414f	work/jev-claim-check/numeric-choice-rows.jsonl
claim-check-numeric-v2-20260924	docs/demos/upstream-repro/claim-check-numeric-v2-20260924.md	3738322	work/jev-claim-check/numeric-v2-rows.jsonl
close-reason-check-20260924	docs/demos/upstream-repro/close-reason-check-20260924.md	a10c0a3	work/jev-claim-check/close-rows.jsonl
jev-f6es	docs/demos/upstream-repro/gate-grok-criteria-20260924.md	3a7f0f5	work/bicameral-gate/grok-criteria-rows-b-run1.jsonl
gate-grok-criteria-20260924	docs/demos/upstream-repro/gate-grok-criteria-20260924.md	3a7f0f5	work/bicameral-gate/grok-criteria-rows-b-run2.jsonl
gate-grok-criteria-20260924	docs/demos/upstream-repro/gate-grok-criteria-20260924.md	3a7f0f5	work/bicameral-gate/grok-criteria-rows-b-run3.jsonl
gate-grok-criteria-20260924	docs/demos/upstream-repro/gate-grok-criteria-20260924.md	3a7f0f5	work/bicameral-gate/grok-criteria-rows-real-run1.jsonl
gate-grok-criteria-20260924	docs/demos/upstream-repro/gate-grok-criteria-20260924.md	3a7f0f5	work/bicameral-gate/grok-criteria-rows-real-run2.jsonl
gate-grok-criteria-20260924	docs/demos/upstream-repro/gate-grok-criteria-20260924.md	3a7f0f5	work/bicameral-gate/grok-criteria-rows-real-run3.jsonl
jev-ze4z	docs/demos/upstream-repro/gate-grok-incumbent-20260924.md	f1e0759	work/bicameral-gate/grok-rows-b-run1.jsonl
grok-incumbent-fever-yelp-b77-20260924	docs/demos/upstream-repro/grok-incumbent-fever-yelp-b77-20260924.md	6164a11	work/grok-incumbent-3/rows-b77-run1.jsonl
grok-incumbent-fever-yelp-b77-20260924	docs/demos/upstream-repro/grok-incumbent-fever-yelp-b77-20260924.md	6164a11	work/grok-incumbent-3/rows-b77-run2.jsonl
grok-incumbent-fever-yelp-b77-20260924	docs/demos/upstream-repro/grok-incumbent-fever-yelp-b77-20260924.md	6164a11	work/grok-incumbent-3/rows-b77-run3.jsonl
jev-iwhh	docs/demos/upstream-repro/grok-incumbent-fever-yelp-b77-20260924.md	6164a11	work/grok-incumbent-3/rows-fever-run1.jsonl
grok-incumbent-fever-yelp-b77-20260924	docs/demos/upstream-repro/grok-incumbent-fever-yelp-b77-20260924.md	6164a11	work/grok-incumbent-3/rows-fever-run2.jsonl
grok-incumbent-fever-yelp-b77-20260924	docs/demos/upstream-repro/grok-incumbent-fever-yelp-b77-20260924.md	6164a11	work/grok-incumbent-3/rows-fever-run3.jsonl
grok-incumbent-fever-yelp-b77-20260924	docs/demos/upstream-repro/grok-incumbent-fever-yelp-b77-20260924.md	6164a11	work/grok-incumbent-3/rows-yelp-run1.jsonl
grok-incumbent-fever-yelp-b77-20260924	docs/demos/upstream-repro/grok-incumbent-fever-yelp-b77-20260924.md	6164a11	work/grok-incumbent-3/rows-yelp-run2.jsonl
grok-incumbent-fever-yelp-b77-20260924	docs/demos/upstream-repro/grok-incumbent-fever-yelp-b77-20260924.md	6164a11	work/grok-incumbent-3/rows-yelp-run3.jsonl
injection-variance-20260924	docs/demos/upstream-repro/injection-variance-20260924.md	142fd5d	work/nev-differential/variance-20260924/grok-run2/rows-A-xai-grok-4.jsonl
injection-variance-20260924	docs/demos/upstream-repro/injection-variance-20260924.md	142fd5d	work/nev-differential/variance-20260924/grok-run3/rows-A-xai-grok-4.jsonl
jev-rf57	docs/demos/upstream-repro/injection-variance-20260924.md	142fd5d	work/nev-differential/variance-20260924/rows-jev-run3.jsonl
jev-claim-check-20260924	docs/demos/upstream-repro/jev-claim-check-20260924.md	ae01091	work/jev-claim-check/rows.jsonl
jev-toolout-flag-20260924	docs/demos/upstream-repro/jev-toolout-flag-20260924.md	845addd	work/jev-toolout-flag/rows-haiku-criteria-attacks.jsonl
jev-toolout-flag-20260924	docs/demos/upstream-repro/jev-toolout-flag-20260924.md	845addd	work/jev-toolout-flag/rows-haiku-criteria-toolout.jsonl
jev-toolout-flag-20260924	docs/demos/upstream-repro/jev-toolout-flag-20260924.md	845addd	work/jev-toolout-flag/rows-haiku-plain-attacks.jsonl
jev-toolout-flag-20260924	docs/demos/upstream-repro/jev-toolout-flag-20260924.md	845addd	work/jev-toolout-flag/rows-haiku-plain-toolout.jsonl
jev-toolout-flag-20260924	docs/demos/upstream-repro/jev-toolout-flag-20260924.md	845addd	work/jev-toolout-flag/rows-jev-criteria-attacks.jsonl
jev-toolout-flag-20260924	docs/demos/upstream-repro/jev-toolout-flag-20260924.md	845addd	work/jev-toolout-flag/rows-jev-criteria-toolout.jsonl
jev-toolout-flag-20260924	docs/demos/upstream-repro/jev-toolout-flag-20260924.md	845addd	work/jev-toolout-flag/rows-jev-plain-attacks.jsonl
noul-fever-20260924	docs/demos/upstream-repro/noul-fever-20260924.md	834a569	work/noul-fever/rows-haiku.jsonl
noul-fever-20260924	docs/demos/upstream-repro/noul-fever-20260924.md	834a569	work/noul-fever/rows-jev.jsonl
jev-5jp	docs/demos/upstream-repro/noul-fever-criteria-20260924.md	e506575	work/noul-fever/rows-jev-nocriteria.jsonl
noul-fever-criteria-20260924	docs/demos/upstream-repro/noul-fever-criteria-20260924.md	e506575	work/noul-fever/rows-jev-rerun.jsonl
noul-scifact-20260924	docs/demos/upstream-repro/noul-scifact-20260924.md	15b0371	work/noul-scifact/rows-haiku-run2.jsonl
noul-scifact-20260924	docs/demos/upstream-repro/noul-scifact-20260924.md	15b0371	work/noul-scifact/rows-haiku-run3.jsonl
noul-scifact-20260924	docs/demos/upstream-repro/noul-scifact-20260924.md	15b0371	work/noul-scifact/rows-haiku.jsonl
noul-scifact-20260924	docs/demos/upstream-repro/noul-scifact-20260924.md	15b0371	work/noul-scifact/rows-jev-nocriteria.jsonl
noul-scifact-20260924	docs/demos/upstream-repro/noul-scifact-20260924.md	15b0371	work/noul-scifact/rows-jev-rerun.jsonl
noul-scifact-20260924	docs/demos/upstream-repro/noul-scifact-20260924.md	15b0371	work/noul-scifact/rows-jev-run2.jsonl
noul-scifact-20260924	docs/demos/upstream-repro/noul-scifact-20260924.md	15b0371	work/noul-scifact/rows-jev-run3.jsonl
noul-scifact-20260924	docs/demos/upstream-repro/noul-scifact-20260924.md	15b0371	work/noul-scifact/rows-jev.jsonl
noul-scifact-criteria-20260924	docs/demos/upstream-repro/noul-scifact-criteria-20260924.md	30eb285	work/noul-scifact/rows-jev-nocriteria.jsonl
noul-scifact-criteria-20260924	docs/demos/upstream-repro/noul-scifact-criteria-20260924.md	30eb285	work/noul-scifact/rows-jev-rerun.jsonl
noul-toxicity-20260924	docs/demos/upstream-repro/noul-toxicity-20260924.md	b608070	work/noul-toxicity/rows-grok-run2.jsonl
noul-toxicity-20260924	docs/demos/upstream-repro/noul-toxicity-20260924.md	b608070	work/noul-toxicity/rows-grok-run3.jsonl
noul-toxicity-20260924	docs/demos/upstream-repro/noul-toxicity-20260924.md	b608070	work/noul-toxicity/rows-grok.jsonl
noul-toxicity-20260924	docs/demos/upstream-repro/noul-toxicity-20260924.md	b608070	work/noul-toxicity/rows-jev-run2.jsonl
noul-toxicity-20260924	docs/demos/upstream-repro/noul-toxicity-20260924.md	b608070	work/noul-toxicity/rows-jev-run3.jsonl
noul-toxicity-20260924	docs/demos/upstream-repro/noul-toxicity-20260924.md	b608070	work/noul-toxicity/rows-jev.jsonl
rerank-beir-scifact-20260924	docs/demos/upstream-repro/rerank-beir-scifact-20260924.md	6203f00	work/rerank-scifact/rows-grok-run2.jsonl
rerank-beir-scifact-20260924	docs/demos/upstream-repro/rerank-beir-scifact-20260924.md	6203f00	work/rerank-scifact/rows-grok-run3.jsonl
rerank-beir-scifact-20260924	docs/demos/upstream-repro/rerank-beir-scifact-20260924.md	6203f00	work/rerank-scifact/rows-grok.jsonl
score-sst5-20260924	docs/demos/upstream-repro/score-sst5-20260924.md	ae161b6	work/score-sst5/rows-haiku.jsonl
score-sst5-20260924	docs/demos/upstream-repro/score-sst5-20260924.md	ae161b6	work/score-sst5/rows-jev.jsonl
score-stsb-20260924	docs/demos/upstream-repro/score-stsb-20260924.md	8e4bda9	work/score-stsb/rows-grok-run2.jsonl
score-stsb-20260924	docs/demos/upstream-repro/score-stsb-20260924.md	8e4bda9	work/score-stsb/rows-grok-run3.jsonl
score-stsb-20260924	docs/demos/upstream-repro/score-stsb-20260924.md	8e4bda9	work/score-stsb/rows-grok.jsonl
score-stsb-20260924	docs/demos/upstream-repro/score-stsb-20260924.md	8e4bda9	work/score-stsb/rows-jev-run2.jsonl
score-stsb-20260924	docs/demos/upstream-repro/score-stsb-20260924.md	8e4bda9	work/score-stsb/rows-jev-run3.jsonl
score-stsb-20260924	docs/demos/upstream-repro/score-stsb-20260924.md	8e4bda9	work/score-stsb/rows-jev.jsonl
score-yelp-20260924	docs/demos/upstream-repro/score-yelp-20260924.md	52d94c2	work/score-yelp/rows-haiku.jsonl
score-yelp-20260924	docs/demos/upstream-repro/score-yelp-20260924.md	52d94c2	work/score-yelp/rows-jev.jsonl
second-incumbent-20260924	docs/demos/upstream-repro/second-incumbent-20260924.md	a2a4c7a	work/second-incumbent/rows-scifact-grok.jsonl
