path	sha256	reason
work/loss-depth/pokejev-components/results-abyssal-leaf-code-v1.jsonl	65ed694b6ca39f8a48e16d868275cd8900b2e66402c7dd62829baf8d8911da30	v1 dead-run partial written 2026-09-25T07:40Z before row provenance, receipt loss-depth-pokejev-leaf-c-r4-partial-20250925.md
work/openrouter-incumbents/rows-sst5-nex-agi__nex-n2.5-mini_free.jsonl	3b541c6f890e78800d0749839d0257441c938a30fd0151e12edfec8dab9586c5	written 2026-09-25 by run.py before it recorded provenance; run.py fixed at 869aa44; rows not edited after the fact
work/arm-sanity/fixtures/difference-only-arm.jsonl	9f71e5b21bf8477f14928f27375c9a21865027d391f21128e9e6ac273940ecef	deterministic arm-sanity fixture, not a live experiment row
work/arm-sanity/fixtures/difference-only-reference.jsonl	6865d6c0d2066592ef22f858aa69cfd9986f9b18a19736403ed5563f16d033e0	deterministic arm-sanity fixture, not a live experiment row
work/osw-bestofn/live_rows_r3.jsonl	66ea5c2c897b8bbeceb897bead74bfa05554486790ada9ddd2d18a39a0e335c0	Jev answer rows written 2026-09-25 before answer rows were checked; runner work/osw-bestofn/live_select.mjs at f167936, run receipt work/osw-bestofn/live_receipt_r3.json
work/pokeagent-emerald/live-results.jsonl	5294ec9a24319ebc7c528cdb3076c11bc381df3e1abbbb4334a6bf36c97c84fa	Jev answer rows written 2026-09-25 before answer rows were checked; runner work/pokeagent-emerald/live_segment.py at db038a0, rows re-lined in f9eb1cd with identical content
work/agent-beacon-jev/live-rows-20260926.jsonl	5f48ee13c010869f4a7945879e9f9bb81d04859b920987891a22f66fd8c48eea	rows generated 2026-09-26 before per-row provenance fields; receipt-20260926.json records model, UTC run window, census hash, evaluator hash, and usage; no row hash invented
work/agent-beacon-jev/heldout-live-rows-20260926.jsonl	7a25ec20e6edc6d6b2c5d99965cc5dc20c85e28abd0f47f0f3ef07c2ad5f0c60	rows generated 2026-09-26 before per-row provenance fields; heldout-live-receipt-20260926.json and heldout-prereg-20260926.md record model, UTC run window, source/prereg facts, and usage; no row hash invented
work/jev-gdhb/rows-jev.jsonl	8d2aec51dd45808a6f1db51948629d0665a679d7d950dab5f898e33612451224	parked Sept choice rows with full probability maps, added 2026-09-27 before per-row provenance fields; no row hash invented
work/score-shopee/live-rows-jev.jsonl	51804b156360378e248e57dcc44cb4c96c480d0261dad4389751d8d9c31e6f45	parked jev-545t live-score rows with model, usage, and latency recorded but no per-row code hash; no row hash invented
work/thinking-duel-hard/tasks/t03/sample.jsonl	71525ffacc48623df05974c2d7fd5ddb592ae3c78d584ed7637f39befbee63c3	deliberate mixed-validity fixture for the t03 session-census task (prompt: skip malformed lines); committed in 596b5b74, bytes frozen by the duel
work/thinking-duel-hard/runs/t03-auto/sample.jsonl	71525ffacc48623df05974c2d7fd5ddb592ae3c78d584ed7637f39befbee63c3	byte-identical run copy of the t03 fixture (same sha); agent work copy, not a live experiment row
work/thinking-duel-hard/runs/t03-high/sample.jsonl	71525ffacc48623df05974c2d7fd5ddb592ae3c78d584ed7637f39befbee63c3	byte-identical run copy of the t03 fixture (same sha); agent work copy, not a live experiment row
work/thinking-duel-hard/runs/t03-auto/var-tmp-edge.jsonl	73ca3349a0a053533473bacdd5d12243d80cad8b88e2260826fd03ee7a9d31a3	agent-written edge-case probe for the t03 task (deliberate non-JSON rows); duel work copy, not a live experiment row
work/thinking-duel-hard3/runs/pilot-high-h03/verify_h03.jsonl	5820a92a27e4af763f65c642d2680312cc6f082337d2ea75cde847f08612f1f5	deliberate mixed-validity fixture for the h03 session-census task (prompt.md: skip malformed lines, non-dict rows, NUL bytes); committed in 2218295d
